-- Employee Master Data
INSERT INTO `admins` (`id`, `name`, `emp_code`, `email`, `mob_num`, `email_verified_at`, `password`, `gender`, `image`, `token`, `is_active`, `deleted_at`, `remember_token`, `created_at`, `updated_at`) VALUES
(1, 'Admin', 2002, 'admin@admin.com', 9510163269, NULL, '$2y$10$r1gJpPY7GGA.plO9QjE93OYj6nyPoxQH.MVLEQbr6KTv1RW/UQhYC', 'Male', '1679036296.jpg', NULL, 1, NULL, NULL, '2023-03-17 01:27:47', '2023-03-17 01:53:44'),
(2, 'Heet Shah', 1234, 'heet.c1234@veedacr.com', 9867543123, NULL, NULL, 'Male', '1679036379.jpg', NULL, 1, NULL, NULL, '2023-03-17 01:29:39', '2023-03-17 01:29:39'),
(3, 'Dhruvam Desai', 2110, 'dhruvam.c2110@veedacr.com', 7041678923, NULL, NULL, 'Male', '1679036445.jpg', NULL, 1, NULL, NULL, '2023-03-17 01:30:45', '2023-03-17 01:30:45'),
(4, 'Shlok Patel', 1402, 'shlok.c1402@veedacr.com', 9832747382, NULL, NULL, 'Male', '1679036490.jpg', NULL, 1, NULL, NULL, '2023-03-17 01:31:30', '2023-03-17 01:31:30'),
(5, 'Sani Chauhan', 2654, 'sani.c2654@veedacr.com', 9962373648, NULL, NULL, 'Male', '1679036528.jpg', NULL, 1, NULL, NULL, '2023-03-17 01:32:08', '2023-03-17 01:32:08'),
(6, 'Chandresh Vanker', 2150, 'chandresh.c2150@veedacr.com', 8326487238, NULL, NULL, 'Male', '1679036630.jpg', NULL, 1, NULL, NULL, '2023-03-17 01:33:50', '2023-03-17 01:33:50'),
(7, 'Priya Chavda', 2157, 'priya.c2157@veedacr.com', 7389203749, NULL, NULL, 'Female', '1679036685.jpg', NULL, 1, NULL, NULL, '2023-03-17 01:34:45', '2023-03-17 01:34:45'),
(8, 'Pranav Dalal', 1998, 'pranav.c1998@veedacr.com', 8898942945, NULL, NULL, 'Male', '1679036774.jpg', NULL, 1, NULL, NULL, '2023-03-17 01:36:14', '2023-03-17 01:36:14'),
(9, 'Software Artisan', 2901, 'softwareartisan3@gmail.com', 9836372193, NULL, NULL, 'Male', '1679036817.jpg', NULL, 1, NULL, NULL, '2023-03-17 01:36:57', '2023-03-17 01:36:57'),
(10, 'Jaimin Patel', 1546, 'jaimin.c1546@veedacr.com', 9238764293, NULL, NULL, 'Male', '1679036909.jpg', NULL, 1, NULL, NULL, '2023-03-17 01:38:29', '2023-03-17 01:38:29'),
(11, 'Pratham Shah', 2802, 'pratham.c2802@veedacr.com', 8992387498, NULL, NULL, 'Male', '1679037260.jpg', NULL, 1, NULL, NULL, '2023-03-17 01:44:20', '2023-03-17 01:44:20'),
(12, 'Manit Shah', 1803, 'manit.c1803@veedacr.com', 9923879823, NULL, NULL, 'Male', '1679037308.jpg', NULL, 1, NULL, NULL, '2023-03-17 01:45:08', '2023-03-17 01:46:30'),
(13, 'Jash Makwana', 1003, 'jash.c1003@veedacr.com', 9213897462, NULL, NULL, 'Male', '1679037343.jpg', NULL, 1, NULL, NULL, '2023-03-17 01:45:43', '2023-03-17 01:45:43'),
(14, 'Tushar Thakkar', 1503, 'tushar.c1503@veedacr.com', 9712323478, NULL, NULL, 'Male', '1679037433.jpg', NULL, 1, NULL, NULL, '2023-03-17 01:47:13', '2023-03-17 01:47:13'),
(15, 'Akshat Shah', 2810, 'akshat.c2810@veedacr.com', 8234923457, NULL, NULL, 'Male', '1679037476.jpg', NULL, 1, NULL, NULL, '2023-03-17 01:47:56', '2023-03-17 01:47:56'),
(16, 'Neet Parikh', 2183, 'neet.c2183@veedacr.com', 9239847923, NULL, NULL, 'Male', '1679037577.jpg', NULL, 1, NULL, NULL, '2023-03-17 01:49:37', '2023-03-17 01:49:37'),
(17, 'Rajesh Limbachia', 1765, 'rajesh.c1765@veedacr.com', 8384756837, NULL, NULL, 'Male', '1679037624.jpg', NULL, 1, NULL, NULL, '2023-03-17 01:50:24', '2023-03-17 01:50:24'),
(18, 'Ishita Joshi', 2432, 'ishita.c2432@veedacr.com', 9823648273, NULL, NULL, 'Female', '1679037712.jpg', NULL, 1, NULL, NULL, '2023-03-17 01:51:52', '2023-03-17 01:51:52'),
(19, 'Devarshi Trivedi', 1334, 'devarshi.c1334@veedacr.com', 9723987593, NULL, NULL, 'Female', '1679037762.jpg', NULL, 1, NULL, NULL, '2023-03-17 01:52:42', '2023-03-17 01:52:42'),
(20, 'Vishwa Shah', 1534, 'vishwa.c1534@veedacr.com', 7827492374, NULL, NULL, 'Female', '1679037808.jpg', NULL, 1, NULL, NULL, '2023-03-17 01:53:28', '2023-03-17 01:53:28'),
(21, 'Helee Shah', 2145, 'helee.c2145@veedacr.com', 9485987346, NULL, NULL, 'Female', '1679037890.jpg', NULL, 1, NULL, NULL, '2023-03-17 01:54:50', '2023-03-17 01:54:50'),
(22, 'Prachi Shah', 2000, 'prachi.c2000@veedacr.com', 9238462983, NULL, NULL, 'Female', '1679037929.jpg', NULL, 1, NULL, NULL, '2023-03-17 01:55:29', '2023-03-17 01:55:29');

-- Department Master Data
INSERT INTO `departments` (`id`, `dep_name`, `dep_code`, `emp_code`, `is_active`, `deleted_at`, `created_at`, `updated_at`) VALUES
(1, 'Information & Comm. Tech.', 'ICTD', 20, 1, NULL, NULL, NULL),
(2, 'Clinical Affairs Department', 'CA', 2, 1, NULL, NULL, NULL),
(3, 'Biopharmaceutics & Project Management', 'BPD', 3, 1, NULL, NULL, NULL),
(4, 'Clinical Research', 'CRD', 4, 1, NULL, NULL, NULL),
(5, 'Bioanalytical Research', 'BRD', 5, 1, NULL, NULL, NULL),
(6, 'Administration & Maintenance', 'AMD', 6, 1, NULL, NULL, NULL),
(7, 'Training And Development', 'TND', 7, 1, NULL, NULL, NULL),
(8, 'Finance & Accounts', 'FAD', 8, 1, NULL, NULL, NULL),
(9, 'Service Provider', 'SP', 21, 1, NULL, NULL, NULL),
(10, 'Medical Affairs & Pv', 'MPD', 10, 1, NULL, NULL, NULL),
(11, 'Quality Assurance', 'QAD', 11, 1, NULL, NULL, NULL),
(12, 'Clinical Research Department', 'CRD', 12, 1, NULL, NULL, NULL),
(13, 'Business Development', 'BDD', 13, 1, NULL, NULL, NULL),
(14, 'Clinical Operations', 'COD', 14, 1, NULL, NULL, NULL),
(15, 'Data Management', 'DMD', 15, 1, NULL, NULL, NULL),
(16, 'Operations', 'OPR', 16, 1, NULL, NULL, NULL),
(17, 'Human Resource', 'HRD', 17, 1, NULL, NULL, NULL),
(18, 'Pharmacokinetics & Biostatistics Department', 'PBD', 18, 1, NULL, NULL, NULL),
(19, 'Marketing', 'MKTD', 19, 1, NULL, NULL, NULL);

-- Budget Amount Master Data
INSERT INTO `budget_amounts` (`id`, `year`, `budget_allocated`, `is_active`, `deleted_at`, `created_at`, `updated_at`) VALUES
(1, '2023 - 24', 500000000.00, 1, NULL, '2023-03-17 02:03:41', '2023-03-17 02:03:41'),
(2, '2022 - 23', 600000000.00, 1, NULL, '2023-03-17 02:03:56', '2023-03-17 02:03:56');

-- Budget Allocation Master Data
INSERT INTO `allocated_budgets` (`id`, `budget_id`, `dep_id`, `budget_allocated`, `budget_used`, `budget_remaining`, `is_active`, `deleted_at`, `created_at`, `updated_at`) VALUES
(1, 1, 1, 30000000.00, 27610000.00, 2390000.00, 1, NULL, '2023-03-17 03:36:40', '2023-03-17 03:47:27'),
(2, 1, 12, 15000000.00, 12195000.00, 2805000.00, 1, NULL, '2023-03-17 03:37:03', '2023-03-17 03:44:52'),
(3, 2, 19, 35000000.00, 31350000.00, 3650000.00, 1, NULL, '2023-03-17 03:48:39', '2023-03-17 03:54:10'),
(4, 2, 17, 20000000.00, 15500000.00, 4500000.00, 1, NULL, '2023-03-17 03:48:49', '2023-03-17 03:59:46');

-- Expenditure Master Data
INSERT INTO `department_expenditures` (`id`, `dep_id`, `budget_id`, `expense_type`, `item_name`, `quantity`, `price_per_quantity`, `service_name`, `service_start_date`, `service_end_date`, `remarks`, `month`, `expense`, `is_active`, `deleted_at`, `created_at`, `updated_at`) VALUES
(1, 2, 1, 'Capex', 'Clinical Tools Spetula', 150, 300.00, NULL, NULL, NULL, NULL, NULL, 45000.00, 1, NULL, '2023-03-17 03:42:44', '2023-03-17 03:42:44'),
(2, 2, 1, 'Opex', NULL, NULL, NULL, 'Study Management Software', '15-Mar-2023', '15-Mar-2024', '1 Year Full Enterprise Subscription', NULL, 150000.00, 1, NULL, '2023-03-17 03:43:56', '2023-03-17 03:43:56'),
(3, 2, 1, 'Salary', NULL, NULL, NULL, NULL, NULL, NULL, NULL, 'January', 12000000.00, 1, NULL, '2023-03-17 03:44:51', '2023-03-17 03:44:51'),
(4, 1, 1, 'Capex', 'Samsung Display Screen', 150, 9000.00, NULL, NULL, NULL, NULL, NULL, 1350000.00, 1, NULL, '2023-03-17 03:45:47', '2023-03-17 03:45:47'),
(5, 1, 1, 'Opex', NULL, NULL, NULL, 'Zing HR', '31-Mar-2023', '31-Mar-2024', 'Full Enterprise Level HR Software', NULL, 260000.00, 1, NULL, '2023-03-17 03:46:26', '2023-03-17 03:46:26'),
(6, 1, 1, 'Salary', NULL, NULL, NULL, NULL, NULL, NULL, NULL, 'January', 16000000.00, 1, NULL, '2023-03-17 03:47:03', '2023-03-17 03:47:03'),
(7, 1, 1, 'Salary', NULL, NULL, NULL, NULL, NULL, NULL, NULL, 'February', 10000000.00, 1, NULL, '2023-03-17 03:47:27', '2023-03-17 03:47:27'),
(8, 3, 2, 'Opex', NULL, NULL, NULL, 'Social Tracker Software', '31-Mar-2023', '01-Apr-2024', 'Tracks the entire social journey', NULL, 350000.00, 1, NULL, '2023-03-17 03:51:05', '2023-03-17 03:51:05'),
(9, 3, 2, 'Capex', 'Advertisement banners and hoardings', 2000, 500.00, NULL, NULL, NULL, NULL, NULL, 1000000.00, 1, NULL, '2023-03-17 03:52:23', '2023-03-17 03:52:23'),
(10, 3, 2, 'Salary', NULL, NULL, NULL, NULL, NULL, NULL, NULL, 'January', 20000000.00, 1, NULL, '2023-03-17 03:52:45', '2023-03-17 03:52:45'),
(11, 3, 2, 'Capex', 'Advertisement Magazines', 10000, 1000.00, NULL, NULL, NULL, NULL, NULL, 10000000.00, 1, NULL, '2023-03-17 03:54:10', '2023-03-17 03:54:10'),
(12, 4, 2, 'Capex', 'Talent Management Rentals', 1000, 500.00, NULL, NULL, NULL, NULL, NULL, 500000.00, 1, NULL, '2023-03-17 03:57:59', '2023-03-17 03:59:31'),
(13, 4, 2, 'Opex', NULL, NULL, NULL, 'Interview hotel booking', '01-Mar-2023', '01-Mar-2027', '5 years hotel contract', NULL, 10000000.00, 1, NULL, '2023-03-17 03:59:21', '2023-03-17 03:59:21'),
(14, 4, 2, 'Salary', NULL, NULL, NULL, NULL, NULL, NULL, NULL, 'January', 5000000.00, 1, NULL, '2023-03-17 03:59:46', '2023-03-17 03:59:46');

-- Sponsor Master Data
INSERT INTO `sponsors` (`id`, `sponsor_name`, `drug_name`, `study_year`, `study_revenue`, `is_active`, `deleted_at`, `created_at`, `updated_at`) VALUES
(1, 'Zydus Cadilla', 'Paracetamol', '2023 - 24', 15000000.00, 1, NULL, '2023-03-17 04:03:00', '2023-03-17 04:09:45'),
(2, 'Rontis', 'Lansoprazole', '2023 - 24', 11000000.00, 1, NULL, '2023-03-17 04:05:57', '2023-03-17 04:07:40'),
(3, 'Medreich', 'Proguanil', '2023 - 24', 13000000.00, 1, NULL, '2023-03-17 04:06:18', '2023-03-17 04:09:37'),
(4, 'ELPEN', 'Cefadroxil', '2023 - 24', 15000000.00, 1, NULL, '2023-03-17 04:06:59', '2023-03-17 04:09:32'),
(5, 'Osmotica', 'Azithromycin', '2022 - 23', 20000000.00, 1, NULL, '2023-03-17 04:08:50', '2023-03-17 04:08:50'),
(6, 'Sun Pharma', 'Perindopril', '2022 - 23', 30000000.00, 1, NULL, '2023-03-17 04:09:08', '2023-03-17 04:09:08');